"","id","bf1","bf2","bf3","bf4","bf5","bf6","bf7","bf8","bf9","bf10","age","nation","school","gender"
"1",1,4,2,4,4,4,4,2,4,4,2,25,"1",3,"weiblich"
"2",2,5,4,4,4,4,5,4,3,4,3,25,"1",3,"männlich"
"3",3,3,2,2,4,4,4,1,3,4,5,20,"1",3,"weiblich"
"4",4,5,5,3,4,5,4,3,4,5,5,27,"1",3,"männlich"
"5",5,3,4,5,5,3,3,4,5,3,5,22,"2",3,"männlich"
"6",6,4,4,1,3,4,4,2,4,5,3,27,"1",3,"weiblich"
"7",7,4,4,3,3,4,4,3,4,4,3,31,"3",3,"männlich"
"8",8,3,3,4,4,4,4,4,4,4,4,25,"1",3,"männlich"
"9",9,3,5,5,5,5,3,2,5,4,2,20,"1",3,"männlich"
"10",10,3,3,2,4,3,3,2,4,3,4,24,"1",3,"weiblich"
"11",11,2,4,4,4,3,2,4,3,3,4,24,"1",3,"männlich"
"12",12,2,5,3,5,4,3,3,5,4,5,19,"1",3,"männlich"
"13",13,4,5,4,5,4,3,4,5,4,5,21,"1",3,"männlich"
"14",14,4,4,4,2,5,4,4,3,5,2,26,"1",3,"männlich"
"15",15,4,3,3,4,5,5,4,5,5,4,26,"1",3,"weiblich"
"16",16,4,4,4,5,3,4,4,5,3,5,21,"1",3,"weiblich"
"17",17,3,3,3,4,3,3,4,3,3,4,20,"1",3,"männlich"
"18",18,3,5,3,4,4,2,3,5,4,3,24,"1",3,"männlich"
"19",19,4,4,3,4,4,4,3,4,3,4,24,"1",3,"männlich"
"20",20,5,5,4,5,5,4,5,5,5,3,23,"1",3,"männlich"
"21",21,5,5,3,5,4,5,3,4,4,5,20,"1",3,"männlich"
"22",22,3,4,3,4,3,3,4,4,4,4,25,"1",3,"männlich"
"23",23,3,5,4,4,5,4,4,4,5,5,21,"1",3,"männlich"
"24",24,3,4,3,4,4,4,3,2,4,4,20,"1",3,"männlich"
"25",25,5,5,5,5,3,5,5,3,3,5,25,"1",3,"weiblich"
"26",26,4,4,2,4,4,5,2,2,4,4,24,"1",3,"weiblich"
"27",27,3,4,3,4,4,2,3,4,3,4,35,"1",3,"weiblich"
"28",28,3,4,5,4,4,3,5,4,5,4,19,"1",3,"männlich"
"29",29,3,4,2,4,4,4,2,5,4,4,24,"1",3,"weiblich"
"30",30,4,4,4,4,3,4,3,4,3,4,22,"1",3,"männlich"
"31",31,2,2,3,3,5,4,3,2,5,4,21,"1",3,"männlich"
"32",32,5,4,3,5,4,4,2,4,4,3,20,"1",3,"männlich"
"33",33,4,4,4,4,4,4,4,5,4,4,23,"1",3,"männlich"
"34",34,4,4,3,5,4,5,3,4,4,5,23,"1",3,"männlich"
"35",35,4,4,2,3,4,4,2,4,4,4,20,"1",3,"männlich"
"36",36,4,4,3,4,4,4,3,4,4,2,21,"1",3,"männlich"
"37",37,5,5,4,5,5,5,3,5,5,5,26,"1",3,"männlich"
"38",38,2,4,4,4,3,3,5,5,3,3,22,"1",3,"weiblich"
"39",39,4,4,2,4,2,4,4,4,2,2,30,"6",3,"männlich"
"40",40,5,5,3,5,3,4,2,4,4,5,25,"1",3,"männlich"
"41",41,3,4,5,4,4,4,4,4,4,4,26,"1",3,"männlich"
"42",42,4,3,3,4,4,5,4,3,4,4,25,"1",3,"männlich"
"43",43,4,4,2,5,4,3,2,4,4,4,19,"7",2,"männlich"
"44",44,5,5,3,4,3,5,3,5,3,5,21,"1",3,"männlich"
"45",45,2,2,3,4,4,2,3,4,3,4,23,"1",3,"männlich"
"46",46,3,3,4,4,4,3,3,4,4,4,22,"1",3,"männlich"
"47",47,4,4,3,4,3,3,3,4,3,4,19,"1",3,"männlich"
"48",48,3,3,4,4,4,2,3,3,4,4,30,"1",3,"weiblich"
"49",49,5,5,5,5,4,3,5,5,4,5,21,"1",3,"männlich"
"50",50,5,5,4,3,4,5,5,5,4,5,21,"1",3,"männlich"
"51",51,3,4,4,4,4,4,4,4,4,4,24,"1",3,"männlich"
"52",52,3,4,1,2,5,4,1,4,5,3,27,"1",3,"männlich"
"53",53,5,4,2,5,2,5,2,5,3,5,40,"1",3,"weiblich"
"54",54,4,4,3,4,4,3,3,4,4,3,28,"1",3,"weiblich"
"55",55,5,4,3,4,4,5,3,3,5,4,19,"1",3,"männlich"
"56",56,4,3,3,1,4,4,3,4,4,1,21,"1",3,"weiblich"
"57",57,2,5,3,5,3,3,3,4,3,4,19,"1",3,"männlich"
"58",58,4,5,5,4,5,3,4,4,5,4,22,"1",3,"männlich"
"59",59,3,4,1,4,3,4,2,4,3,4,21,"1",3,"weiblich"
"60",60,3,3,3,3,3,4,2,3,4,3,21,"1",3,"männlich"
"61",61,4,3,1,2,5,5,1,2,5,1,23,"1",3,"weiblich"
"62",62,4,3,4,3,4,5,4,5,4,3,25,"1",3,"weiblich"
"63",63,5,5,3,5,3,4,3,5,4,4,18,"1",3,"männlich"
"64",64,4,5,5,4,5,3,5,4,5,4,22,"1",3,"männlich"
"65",65,5,5,4,5,4,5,3,5,4,5,24,"1",3,"weiblich"
"66",66,2,4,3,5,3,5,3,4,4,5,21,"1",3,"männlich"
"67",67,5,5,3,3,4,5,3,3,4,3,25,"1",3,"weiblich"
"68",68,3,4,3,4,4,4,3,3,4,4,20,"1",3,"weiblich"
"69",69,3,4,3,5,5,4,3,5,5,5,21,"1",3,"männlich"
"70",70,4,4,4,5,3,4,4,4,3,4,22,"1",3,"männlich"
"71",71,1,3,5,4,4,1,5,2,4,3,21,"1",3,"männlich"
"72",72,5,4,2,4,3,5,2,4,2,4,21,"1",3,"männlich"
"73",73,5,4,4,4,4,4,4,4,4,5,21,"1",3,"weiblich"
"74",74,5,3,3,5,4,5,3,2,3,5,21,"1",3,"männlich"
"75",75,5,5,5,5,4,5,4,5,4,5,28,"15",3,"weiblich"
"76",76,5,4,4,4,4,5,4,4,4,4,25,"1",3,"männlich"
"77",77,2,2,2,4,4,3,2,2,5,4,20,"1",3,"männlich"
"78",78,4,3,2,3,2,4,2,3,2,4,23,"1",3,"männlich"
"79",79,4,5,4,5,4,5,4,5,4,4,19,"1",3,"männlich"
"80",80,5,5,4,3,4,5,4,4,4,3,19,"1",3,"männlich"
"81",81,4,4,2,2,3,4,3,4,3,2,22,"1",3,"weiblich"
"82",82,4,4,3,5,3,5,1,4,3,4,22,"1",3,"weiblich"
"83",83,4,3,3,3,4,4,3,3,4,4,20,"1",3,"männlich"
"84",84,5,4,3,4,4,5,3,4,4,4,24,"1",3,"männlich"
"85",85,5,4,4,4,4,5,4,3,4,4,20,"1",3,"männlich"
"86",86,4,3,3,3,4,4,2,3,4,3,19,"1",3,"männlich"
"87",87,2,3,3,2,4,4,3,3,4,3,21,"1",3,"männlich"
"88",88,2,5,3,3,3,5,3,4,3,3,25,"1",3,"weiblich"
"89",89,5,4,4,4,4,5,4,4,4,3,26,"1",3,"weiblich"
"90",90,5,5,3,5,3,5,3,4,3,4,28,"1",3,"männlich"
"91",91,4,4,2,5,3,4,1,3,3,5,28,"1",3,"männlich"
"92",92,3,3,3,5,3,4,3,3,3,5,24,"1",3,"männlich"
"93",93,2,4,3,4,4,3,3,5,3,4,24,"1",3,"männlich"
"94",94,3,4,4,5,3,3,4,5,4,5,27,"1",3,"weiblich"
"95",95,5,4,2,3,2,5,3,2,2,3,25,"1",3,"männlich"
"96",96,4,4,3,2,4,4,3,4,4,2,18,"1",3,"männlich"
"97",97,3,3,2,5,2,3,2,4,2,4,25,"1",3,"männlich"
"98",98,4,4,4,3,4,3,4,4,4,4,23,"1",3,"männlich"
"99",99,2,4,3,4,5,3,3,5,5,3,31,"1",3,"weiblich"
"100",100,3,2,3,3,4,4,2,2,4,3,25,"1",3,"männlich"
"101",101,3,5,3,4,4,4,3,4,4,4,27,"1",3,"männlich"
"102",102,4,5,3,4,4,4,3,4,4,4,18,"1",3,"männlich"
"103",103,3,4,5,1,4,4,5,3,4,1,22,"1",3,"weiblich"
"104",104,4,3,4,2,4,4,5,2,4,3,19,"1",3,"männlich"
"105",106,2,3,2,4,5,2,2,4,5,4,22,"1",3,"weiblich"
"106",107,3,3,2,4,2,3,2,2,2,4,21,"1",3,"männlich"
"107",108,4,5,3,5,3,5,2,4,3,3,22,"1",3,"männlich"
"108",109,5,4,4,5,4,5,4,5,4,5,27,"1",3,"männlich"
"109",110,4,3,4,5,4,3,3,4,3,4,20,"1",3,"männlich"
"110",111,5,5,5,5,5,4,4,5,5,5,21,"1",3,"männlich"
"111",112,5,4,2,5,3,4,3,4,3,4,25,"1",3,"männlich"
"112",113,5,4,4,2,4,5,4,4,4,3,21,"1",3,"männlich"
"113",114,4,5,2,4,4,4,2,5,4,3,30,"1",3,"weiblich"
"114",115,3,5,3,4,3,4,3,5,3,5,22,"1",3,"männlich"
"115",116,5,3,5,3,5,4,5,4,5,4,18,"1",3,"männlich"
"116",117,2,4,3,4,4,2,4,4,4,4,27,"1",3,"männlich"
"117",118,5,3,2,5,4,3,2,3,4,5,20,"1",3,"männlich"
"118",119,4,3,5,5,4,4,5,5,3,5,20,"1",3,"weiblich"
"119",120,2,2,5,5,4,2,5,4,4,5,27,"1",3,"weiblich"
"120",121,5,5,2,5,3,5,2,4,2,5,19,"1",3,"männlich"
"121",122,2,5,2,5,4,4,1,3,4,5,23,"1",3,"männlich"
"122",123,5,3,4,4,3,4,3,2,4,4,24,"1",3,"weiblich"
"123",124,4,4,4,3,4,3,4,4,4,4,22,"4",3,"männlich"
"124",125,3,2,4,5,4,3,4,2,4,5,24,"1",3,"männlich"
"125",126,2,5,3,4,5,4,2,5,5,4,23,"1",3,"männlich"
"126",127,4,2,1,5,3,4,4,5,4,5,22,"1",3,"männlich"
"127",128,5,4,5,4,5,5,5,3,5,5,19,"1",3,"männlich"
"128",129,5,4,4,5,3,4,4,4,3,5,18,"1",3,"männlich"
"129",130,5,3,4,5,5,5,5,4,5,5,19,"1",3,"männlich"
"130",131,3,3,3,4,5,3,2,2,5,3,22,"1",3,"weiblich"
"131",132,3,2,4,3,4,4,3,3,4,5,24,"12",3,"männlich"
"132",133,3,5,4,5,3,4,4,3,3,5,29,"1",3,"weiblich"
"133",134,3,5,3,2,3,3,3,5,3,1,28,"1",3,"weiblich"
"134",135,3,4,3,4,3,4,3,4,3,4,27,"1",3,"weiblich"
"135",136,3,4,1,5,3,4,1,5,4,2,21,"1",3,"männlich"
"136",137,4,4,3,4,3,4,3,5,4,4,28,"1",3,"weiblich"
"137",138,3,5,5,4,4,4,5,5,4,5,21,"1",3,"männlich"
"138",139,3,5,5,2,4,4,5,5,5,3,25,"1",3,"weiblich"
"139",140,4,5,5,2,4,5,5,5,5,4,40,"2",3,"männlich"
"140",141,4,5,4,4,5,3,4,3,5,4,25,"1",3,"männlich"
"141",142,5,3,3,3,4,5,4,4,3,2,22,"1",3,"männlich"
"142",143,3,5,3,5,3,5,2,5,3,5,27,"1",3,"weiblich"
"143",144,3,4,4,5,4,4,4,4,4,4,26,"1",3,"männlich"
"144",145,5,5,5,5,4,5,4,5,4,4,23,"1",3,"männlich"
"145",146,4,4,3,2,4,5,3,4,3,3,21,"1",3,"weiblich"
"146",147,5,5,4,5,4,4,3,4,4,4,27,"1",3,"männlich"
"147",148,2,1,3,4,5,1,3,2,5,4,23,"1",3,"weiblich"
"148",149,2,4,3,2,2,2,3,5,1,4,22,"1",3,"weiblich"
"149",150,4,5,3,4,4,4,3,5,4,3,22,"1",3,"männlich"
"150",151,4,5,3,3,4,4,3,4,4,3,22,"1",3,"männlich"
"151",152,5,3,3,3,4,2,1,2,5,2,23,"1",3,"weiblich"
"152",153,4,4,5,5,4,2,4,3,5,4,22,"1",3,"männlich"
"153",154,5,5,5,3,4,5,4,4,4,3,28,"1",3,"weiblich"
"154",155,3,4,5,4,4,3,4,4,4,3,22,"1",3,"männlich"
"155",156,5,5,3,4,4,5,3,4,4,2,24,"1",3,"männlich"
"156",157,4,5,2,5,3,5,2,4,3,5,22,"1",3,"männlich"
"157",158,4,3,4,3,4,4,4,3,4,3,21,"1",3,"männlich"
"158",159,4,3,4,3,4,3,4,4,4,3,23,"1",3,"weiblich"
"159",160,3,5,4,5,4,4,3,4,3,5,30,"1",3,"männlich"
"160",161,3,3,4,3,4,3,4,4,4,3,33,"1",3,"weiblich"
"161",162,4,4,2,4,4,5,3,3,4,4,22,"1",3,"männlich"
"162",163,5,5,4,5,4,5,4,3,4,5,25,"1",3,"männlich"
"163",164,5,3,5,2,4,4,4,2,4,2,30,"1",3,"weiblich"
"164",165,4,4,3,4,4,4,3,3,4,4,19,"1",3,"männlich"
"165",166,4,4,3,5,4,5,4,5,4,5,24,"1",3,"weiblich"
"166",167,5,4,4,4,4,4,4,4,4,4,22,"1",3,"weiblich"
"167",168,5,5,5,5,3,4,4,5,3,5,22,"1",3,"männlich"
"168",169,4,5,5,5,4,4,5,5,4,5,22,"1",3,"männlich"
"169",170,5,5,2,5,4,5,2,5,4,5,26,"1",3,"männlich"
"170",171,4,5,3,5,4,5,3,5,4,5,23,"1",3,"männlich"
"171",172,5,5,4,5,2,4,4,4,2,3,32,"1",3,"männlich"
"172",173,5,5,4,5,5,3,3,5,5,5,24,"1",3,"männlich"
"173",174,3,4,4,4,3,4,4,5,4,5,35,"6",4,"weiblich"
"174",175,5,4,3,5,4,5,3,2,4,5,24,"1",3,"männlich"
"175",176,4,4,3,5,3,5,3,5,3,4,23,"1",3,"männlich"
"176",177,4,5,3,5,3,5,3,4,3,5,22,"1",3,"männlich"
"177",178,2,4,5,3,4,2,5,4,4,3,23,"1",3,"männlich"
"178",179,5,5,4,4,5,5,3,5,5,4,22,"1",3,"weiblich"
"179",180,4,3,3,4,4,4,2,3,4,4,20,"1",3,"männlich"
"180",181,3,3,5,4,5,3,5,4,5,5,28,"1",3,"männlich"
"181",182,4,3,4,3,2,3,4,3,2,4,36,"1",3,"männlich"
"182",183,5,5,5,4,3,5,4,5,3,4,22,"1",3,"männlich"
"183",184,3,4,2,5,5,4,2,5,4,5,25,"1",3,"männlich"
"184",185,5,4,4,4,4,5,4,3,4,4,25,"18",3,"männlich"
"185",186,3,3,3,5,4,3,3,2,4,5,23,"1",3,"weiblich"
"186",188,4,5,3,3,4,5,3,4,4,4,22,"1",3,"männlich"
"187",189,4,3,5,4,4,4,4,5,5,5,20,"15",3,"weiblich"
"188",190,4,5,3,5,4,5,2,5,5,5,25,"1",3,"männlich"
"189",191,4,4,4,3,4,4,4,5,4,2,19,"1",3,"männlich"
"190",192,2,4,3,4,3,3,3,4,3,4,20,"1",3,"männlich"
"191",193,4,4,3,4,4,4,3,4,4,3,33,"1",3,"männlich"
"192",194,2,4,5,3,3,3,4,5,3,3,25,"19",3,"männlich"
"193",195,4,5,4,4,5,4,4,4,5,4,20,"1",3,"männlich"
"194",196,4,3,2,5,3,4,2,2,4,5,22,"1",3,"männlich"
"195",197,5,4,3,5,3,3,2,2,3,5,25,"1",3,"männlich"
"196",198,5,4,4,3,4,5,4,4,4,3,22,"1",3,"männlich"
"197",199,3,4,3,4,3,2,3,4,4,3,23,"1",3,"männlich"
"198",200,4,5,5,4,3,4,5,3,3,5,20,"1",3,"männlich"
"199",201,3,2,2,5,5,4,1,3,5,5,20,"1",3,"weiblich"
"200",202,5,3,3,4,3,4,4,5,4,3,27,"1",3,"männlich"
"201",203,5,4,5,5,5,5,5,4,5,5,30,"1",3,"männlich"
"202",204,2,3,3,5,5,2,3,5,4,4,19,"1",3,"männlich"
"203",205,4,5,3,4,4,5,3,3,4,2,24,"1",3,"männlich"
"204",206,5,5,5,2,5,5,5,5,5,5,26,"1",3,"männlich"
"205",208,5,4,3,5,3,5,3,5,3,4,21,"1",3,"männlich"
"206",209,5,5,5,5,3,4,5,4,4,2,24,"1",3,"männlich"
"207",210,5,4,3,2,4,5,3,4,4,1,23,"1",3,"weiblich"
"208",211,4,5,2,3,4,5,1,4,4,4,25,"1",3,"weiblich"
"209",212,3,4,5,4,4,4,5,4,4,5,23,"1",3,"weiblich"
"210",213,3,4,4,2,3,5,4,5,3,4,20,"1",3,"weiblich"
"211",214,3,5,2,5,3,3,2,5,3,4,20,"1",3,"männlich"
"212",215,2,4,2,4,4,5,2,5,4,4,22,"1",3,"weiblich"
"213",216,5,4,2,5,4,4,2,3,4,5,20,"1",3,"männlich"
"214",217,2,4,1,3,4,2,1,1,5,4,21,"1",3,"weiblich"
"215",218,3,3,2,4,4,4,3,5,4,4,23,"1",3,"weiblich"
"216",219,5,5,2,2,3,5,3,4,3,4,27,"9",3,"weiblich"
"217",220,4,5,4,5,5,4,4,5,5,4,22,"1",3,"männlich"
"218",221,4,5,3,2,4,4,3,5,3,4,23,"1",3,"weiblich"
"219",222,5,5,5,5,5,5,5,5,5,5,32,"1",3,"männlich"
"220",223,3,4,4,4,4,4,4,4,4,4,19,"1",3,"männlich"
"221",224,3,4,4,4,4,4,3,4,4,5,23,"1",3,"männlich"
"222",225,5,5,4,5,3,4,4,5,3,5,23,"1",3,"männlich"
"223",226,3,4,3,3,3,3,3,4,4,3,24,"1",3,"weiblich"
"224",227,4,4,3,5,2,4,3,4,3,5,22,"1",3,"männlich"
"225",229,4,4,3,4,4,4,3,5,4,5,26,"1",3,"männlich"
"226",230,5,4,3,2,4,3,5,4,4,5,31,"15",4,"männlich"
"227",231,3,4,5,4,4,4,5,4,4,3,23,"1",3,"weiblich"
"228",232,5,4,3,5,3,5,3,5,3,4,21,"1",3,"männlich"
"229",233,5,4,3,5,3,5,3,5,3,4,19,"1",3,"männlich"
"230",234,5,4,4,4,5,5,3,3,5,4,23,"1",3,"weiblich"
"231",235,5,5,4,5,4,4,4,2,4,4,24,"1",3,"männlich"
"232",236,4,2,3,4,4,5,4,3,3,5,27,"1",3,"weiblich"
"233",237,5,4,3,3,4,5,2,3,4,1,20,"1",3,"weiblich"
"234",238,4,4,3,4,3,4,3,4,3,4,27,"1",3,"männlich"
"235",239,5,4,2,4,3,4,2,5,3,5,25,"1",3,"männlich"
"236",240,4,4,3,4,5,4,3,4,4,4,31,"1",3,"weiblich"
"237",241,4,4,2,2,2,4,2,2,2,2,24,"1",3,"männlich"
"238",242,3,3,4,4,4,3,4,3,4,2,24,"1",3,"männlich"
"239",243,5,4,4,3,4,5,4,3,4,2,25,"1",3,"weiblich"
"240",244,3,4,2,3,3,3,2,4,3,3,25,"13",3,"weiblich"
"241",246,4,5,4,5,4,5,4,4,4,4,29,"1",3,"weiblich"
"242",248,2,5,5,4,2,4,2,5,2,4,23,"1",3,"weiblich"
"243",249,3,3,3,5,4,4,4,3,4,5,24,"1",3,"männlich"
"244",250,3,5,4,4,4,4,2,4,4,2,25,"1",3,"weiblich"
"245",251,5,2,3,5,3,2,3,5,4,5,27,"1",3,"weiblich"
"246",252,5,3,2,3,3,5,2,3,4,1,23,"1",3,"männlich"
"247",253,4,4,5,5,4,4,5,3,4,4,29,"1",3,"männlich"
"248",254,3,4,5,5,4,3,4,3,4,5,30,"1",3,"männlich"
"249",255,5,3,3,4,3,5,3,3,4,2,27,"1",2,"weiblich"
"250",256,5,5,5,4,4,5,5,5,4,4,20,"1",3,"weiblich"
"251",257,5,5,5,4,3,5,3,2,3,2,28,"1",3,"männlich"
"252",258,3,5,4,4,4,5,4,5,4,5,22,"1",3,"männlich"
"253",259,4,4,2,3,4,4,2,2,4,2,26,"1",3,"männlich"
"254",260,5,2,3,3,5,5,4,1,4,2,25,"1",3,"weiblich"
"255",261,4,3,4,5,4,5,3,2,4,5,27,"1",3,"weiblich"
"256",262,5,5,4,5,4,5,3,5,4,5,26,"1",3,"männlich"
"257",263,5,5,4,4,4,5,4,4,4,5,22,"1",3,"männlich"
"258",264,5,4,2,4,3,5,2,5,3,4,25,"1",3,"weiblich"
"259",265,3,3,3,5,4,3,2,3,4,5,24,"1",3,"weiblich"
"260",266,4,5,4,4,4,4,4,3,4,4,23,"1",3,"weiblich"
"261",267,3,3,4,5,5,3,4,4,5,4,22,"1",3,"männlich"
"262",268,4,5,4,3,4,5,4,5,3,2,25,"1",3,"männlich"
"263",269,5,3,4,3,3,5,4,3,3,4,19,"1",2,"männlich"
"264",270,4,3,5,4,2,3,4,2,3,4,24,"1",3,"weiblich"
"265",271,5,5,3,5,3,5,2,5,3,4,28,"1",3,"männlich"
"266",272,3,5,4,5,4,4,1,3,3,4,26,"20",3,"weiblich"
"267",273,2,3,4,4,4,5,3,5,4,3,22,"1",3,"weiblich"
"268",274,3,3,4,4,4,4,4,4,4,2,24,"1",3,"weiblich"
"269",275,5,5,5,5,5,5,5,5,4,5,49,"1",1,"männlich"
"270",276,3,4,4,2,3,3,4,2,3,4,20,"1",3,"weiblich"
"271",277,5,4,4,4,4,5,4,4,3,3,28,"1",3,"weiblich"
"272",278,5,5,4,5,4,5,2,3,3,5,21,"1",3,"weiblich"
"273",279,5,4,3,3,2,2,3,5,2,4,32,"15",3,"weiblich"
"274",280,5,5,4,5,4,4,4,5,4,2,26,"1",3,"männlich"
"275",281,3,5,4,3,4,4,3,4,4,4,24,"1",3,"weiblich"
"276",282,3,5,1,4,1,4,1,4,2,4,24,"1",3,"weiblich"
"277",283,2,4,3,4,4,3,3,4,4,4,19,"1",3,"männlich"
"278",284,4,4,4,5,5,4,3,5,5,3,22,"1",3,"weiblich"
"279",285,4,4,2,3,3,4,2,4,2,3,26,"1",3,"männlich"
"280",286,3,3,3,5,3,3,2,3,4,4,33,"1",3,"männlich"
"281",287,4,5,3,5,3,5,3,5,3,4,25,"1",3,"männlich"
"282",288,3,3,3,5,3,3,3,3,2,5,21,"22",3,"männlich"
"283",289,4,5,4,4,4,4,4,5,4,4,28,"1",3,"weiblich"
"284",290,5,4,4,5,4,5,3,5,4,4,22,"1",3,"männlich"
"285",291,4,5,4,4,4,5,4,5,4,5,25,"1",3,"weiblich"
"286",292,2,4,2,4,3,3,1,5,3,3,22,"1",3,"männlich"
"287",293,4,5,4,5,4,5,4,4,4,5,22,"1",3,"männlich"
"288",294,1,3,4,5,4,1,5,2,4,5,21,"1",3,"weiblich"
"289",295,3,5,4,4,3,4,4,4,3,3,24,"1",3,"weiblich"
"290",296,4,2,1,3,4,5,2,3,4,5,21,"1",3,"weiblich"
"291",297,4,3,5,4,3,4,5,3,3,5,29,"1",3,"weiblich"
"292",298,4,4,5,5,4,3,4,5,4,5,23,"1",3,"weiblich"
"293",299,4,4,3,5,4,5,2,4,4,5,23,"1",3,"männlich"
"294",300,5,4,2,3,3,5,3,5,3,3,21,"1",3,"weiblich"
"295",301,4,4,4,3,3,4,4,4,3,4,22,"1",3,"männlich"
"296",302,2,5,2,5,3,5,1,5,3,5,21,"1",3,"weiblich"
"297",303,4,5,3,5,4,4,4,5,4,5,23,"1",3,"männlich"
"298",304,4,2,5,2,5,3,4,2,5,3,24,"1",3,"weiblich"
"299",305,5,4,4,5,4,5,4,3,4,5,25,"1",3,"männlich"
"300",306,3,5,3,5,5,5,3,5,5,5,22,"1",3,"männlich"
"301",307,4,4,3,5,4,3,3,5,4,5,19,"1",3,"männlich"
"302",308,5,5,4,2,4,5,5,5,5,4,22,"15",3,"männlich"
"303",309,5,5,3,4,4,5,3,5,4,5,22,"1",3,"weiblich"
"304",310,4,4,3,4,4,5,3,2,4,4,22,"1",3,"weiblich"
"305",311,5,4,4,4,4,5,2,5,5,3,27,"1",3,"männlich"
"306",313,5,4,4,3,4,5,3,3,5,3,21,"1",3,"weiblich"
"307",314,4,4,2,3,4,5,2,4,4,2,21,"1",3,"männlich"
"308",315,5,4,3,4,4,4,2,3,4,4,20,"19",3,"männlich"
"309",316,4,5,4,5,4,4,4,3,4,5,23,"1",3,"männlich"
"310",317,4,4,1,5,3,3,1,4,2,5,22,"1",3,"weiblich"
"311",319,4,4,4,4,4,4,4,3,4,4,20,"1",3,"männlich"
"312",320,3,4,4,5,4,4,4,4,4,5,20,"1",3,"männlich"
"313",321,4,3,4,5,4,4,4,3,5,5,20,"1",3,"männlich"
"314",322,3,5,3,5,4,4,2,5,4,4,19,"1",3,"männlich"
"315",323,3,2,2,2,4,3,2,2,4,2,23,"1",3,"weiblich"
"316",324,3,4,3,4,4,3,3,4,3,2,20,"1",3,"männlich"
"317",325,4,2,3,4,5,4,3,5,5,5,20,"1",3,"weiblich"
"318",326,4,5,3,5,5,4,3,5,5,5,19,"1",3,"männlich"
"319",327,2,4,2,5,5,4,3,5,5,5,21,"1",3,"weiblich"
"320",328,2,1,3,2,4,2,3,3,4,2,27,"1",3,"weiblich"
"321",329,3,4,2,4,4,4,2,2,4,3,20,"1",3,"männlich"
"322",330,4,4,3,3,4,5,3,2,3,4,34,"1",3,"männlich"
"323",331,3,3,2,4,4,5,2,4,4,5,22,"17",3,"männlich"
"324",332,3,3,5,2,3,4,4,5,3,3,21,"24",3,"weiblich"
"325",333,4,4,3,5,3,4,2,4,3,4,22,"1",3,"männlich"
"326",334,5,5,4,2,3,5,3,3,3,2,20,"1",3,"weiblich"
"327",335,4,5,2,5,4,5,2,4,4,5,20,"1",3,"weiblich"
"328",336,4,5,5,5,4,4,5,3,4,5,22,"1",3,"weiblich"
"329",337,3,4,2,3,3,5,3,5,3,4,20,"1",3,"weiblich"
"330",338,3,4,3,5,4,3,3,4,4,4,22,"1",3,"männlich"
"331",339,2,4,2,5,3,3,2,5,4,5,29,"1",3,"weiblich"
"332",340,3,3,4,5,3,4,4,4,3,4,22,"1",3,"weiblich"
"333",341,4,5,5,5,5,3,4,5,5,4,29,"1",3,"weiblich"
"334",342,4,5,4,4,4,4,3,5,4,4,26,"1",3,"männlich"
"335",344,5,5,4,5,5,5,5,5,5,5,19,"1",3,"männlich"
"336",345,4,5,4,5,3,3,4,4,3,4,21,"1",3,"männlich"
"337",346,4,4,2,5,4,4,1,5,4,4,22,"1",3,"männlich"
"338",347,4,4,4,4,4,4,3,4,3,3,25,"1",3,"männlich"
"339",348,4,4,5,4,4,4,5,4,4,4,23,"1",3,"männlich"
"340",349,4,4,2,4,3,5,2,2,3,4,20,"1",3,"männlich"
"341",350,3,5,4,5,3,4,5,4,3,4,21,"1",3,"männlich"
"342",351,4,5,3,5,3,4,4,5,3,5,29,"1",3,"männlich"
"343",352,5,5,4,4,4,5,4,4,4,2,21,"1",3,"männlich"
"344",353,1,5,3,2,4,5,3,5,4,2,19,"1",3,"männlich"
"345",354,5,5,4,3,5,5,5,4,4,3,21,"1",3,"männlich"
"346",355,3,4,4,5,4,4,4,5,4,5,22,"1",3,"männlich"
"347",356,4,3,2,4,4,5,2,3,4,4,20,"1",3,"weiblich"
"348",357,4,3,4,2,3,4,4,4,4,2,27,"1",3,"weiblich"
"349",358,3,5,3,5,4,4,2,5,4,4,22,"1",3,"weiblich"
"350",359,4,5,2,4,3,5,1,5,3,5,19,"1",3,"männlich"
"351",360,4,4,3,3,3,4,2,4,3,3,21,"1",3,"weiblich"
"352",361,3,4,3,4,3,2,2,3,3,5,22,"1",3,"männlich"
"353",362,4,5,4,5,3,5,5,4,4,4,22,"1",3,"männlich"
"354",363,2,3,4,3,3,3,4,3,3,3,23,"1",3,"weiblich"
"355",364,5,4,4,5,4,5,4,5,4,5,21,"1",3,"männlich"
"356",365,1,2,2,3,2,5,4,5,3,4,27,"1",3,"weiblich"
"357",366,4,4,2,2,3,3,2,4,3,1,24,"1",3,"weiblich"
"358",367,4,5,6,2,6,6,6,4,6,6,25,"1",3,"weiblich"
"359",368,5,4,4,2,4,4,4,4,4,3,21,"10",3,"weiblich"
"360",369,3,4,2,2,3,3,2,4,3,4,25,"1",3,"weiblich"
"361",370,4,3,3,4,4,4,3,5,4,5,17,"1",2,"weiblich"
"362",371,3,4,2,3,4,4,2,4,4,4,29,"1",3,"weiblich"
"363",372,3,4,3,4,4,3,3,4,5,4,26,"1",3,"weiblich"
"364",373,5,5,4,5,5,5,4,5,4,5,22,"1",3,"männlich"
"365",374,3,4,3,5,4,5,2,3,4,4,22,"1",3,"männlich"
"366",375,4,3,3,4,3,5,5,4,3,5,24,"1",3,"weiblich"
"367",376,4,5,2,5,3,4,2,4,3,5,21,"1",2,"weiblich"
"368",377,2,3,3,1,4,4,2,4,3,2,23,"1",3,"weiblich"
"369",378,4,4,4,4,4,4,5,5,4,4,23,"1",3,"männlich"
"370",379,2,4,4,5,3,3,4,4,3,4,20,"1",3,"männlich"
"371",380,5,4,2,1,3,5,2,3,2,1,22,"10",3,"männlich"
"372",381,2,4,4,2,4,3,4,4,4,3,24,"1",3,"weiblich"
"373",382,5,4,2,4,3,4,2,4,3,5,23,"17",3,"männlich"
"374",383,2,4,3,5,5,3,4,4,5,4,23,"1",3,"weiblich"
"375",384,5,4,3,4,4,5,4,2,4,2,20,"1",3,"männlich"
"376",385,3,5,5,5,4,3,5,5,4,5,19,"1",3,"männlich"
"377",386,5,4,3,5,4,5,3,4,4,5,21,"1",3,"männlich"
"378",387,5,4,3,5,4,5,4,4,4,5,26,"1",3,"männlich"
"379",388,5,4,3,5,3,4,3,4,3,5,19,"1",3,"männlich"
"380",389,4,4,5,3,4,3,5,4,4,4,19,"1",3,"männlich"
"381",390,4,5,4,4,4,4,4,5,4,1,21,"1",3,"weiblich"
"382",391,3,3,5,2,4,3,5,4,4,3,22,"1",3,"männlich"
"383",392,4,4,4,4,4,4,4,4,4,4,22,"1",3,"weiblich"
"384",393,3,3,1,4,3,3,2,3,3,4,25,"1",3,"weiblich"
"385",394,5,4,3,4,3,5,4,4,3,2,28,"1",3,"weiblich"
"386",395,5,4,3,3,3,5,3,4,4,3,19,"1",3,"männlich"
"387",397,4,5,3,4,4,5,3,4,4,5,19,"1",3,"männlich"
"388",398,4,5,4,4,4,5,4,4,4,4,22,"1",3,"männlich"
"389",399,3,4,3,4,3,4,3,3,3,4,19,"1",3,"männlich"
"390",401,3,5,1,4,4,4,1,3,4,5,22,"1",3,"männlich"
"391",402,4,4,3,5,4,4,3,4,4,5,20,"1",3,"männlich"
"392",403,3,4,5,5,4,3,4,5,4,4,20,"1",3,"männlich"
"393",404,5,5,5,5,5,5,4,5,5,5,21,"1",3,"männlich"
"394",405,4,4,4,5,2,4,5,3,3,5,23,"31",3,"männlich"
"395",406,5,4,3,4,4,5,4,3,4,4,21,"1",3,"männlich"
"396",407,5,5,5,5,4,5,4,5,4,5,19,"1",3,"männlich"
"397",408,3,2,4,4,3,4,4,4,3,5,20,"1",3,"männlich"
"398",409,5,5,2,4,4,5,2,5,4,4,20,"1",3,"männlich"
"399",410,4,4,2,5,5,5,2,2,4,5,21,"1",3,"weiblich"
"400",411,4,2,1,3,2,5,1,2,2,4,20,"1",3,"männlich"
"401",412,4,3,4,5,5,3,4,3,4,5,21,"1",3,"männlich"
"402",413,4,5,3,5,4,5,2,5,4,5,20,"1",3,"männlich"
"403",414,3,2,4,2,3,3,3,3,4,2,21,"1",3,"männlich"
"404",415,3,4,3,5,3,3,3,4,3,5,22,"1",3,"männlich"
"405",416,5,5,4,5,4,5,3,4,3,5,26,"1",3,"weiblich"
"406",417,5,4,3,4,3,3,3,3,4,5,21,"16",3,"weiblich"
"407",418,3,4,3,4,4,5,3,5,4,2,19,"1",3,"männlich"
"408",419,4,5,4,5,4,4,5,5,4,2,25,"1",3,"männlich"
"409",420,4,5,4,5,4,3,4,4,4,5,21,"1",3,"männlich"
"410",421,3,4,3,4,3,3,3,3,4,2,21,"1",3,"männlich"
"411",422,3,3,2,4,3,3,3,3,3,4,21,"1",3,"männlich"
"412",423,4,5,2,5,4,3,1,5,4,5,29,"1",3,"männlich"
"413",424,2,3,4,4,3,4,4,3,3,4,21,"1",3,"weiblich"
"414",425,5,4,4,3,3,4,4,4,3,2,20,"1",3,"männlich"
"415",426,2,3,2,4,3,5,2,5,3,4,30,"1",3,"männlich"
"416",427,4,3,2,5,5,3,2,2,4,5,22,"17",3,"weiblich"
"417",428,4,2,1,5,4,4,1,1,4,4,23,"1",3,"weiblich"
"418",429,4,4,3,5,4,4,3,4,4,5,20,"1",3,"männlich"
"419",430,4,4,4,4,4,4,4,3,4,4,23,"1",3,"männlich"
"420",431,4,4,5,4,4,4,5,4,4,3,36,"1",3,"männlich"
"421",432,3,3,5,5,3,3,5,5,3,5,25,"1",3,"männlich"
"422",433,5,3,2,4,5,3,1,3,5,4,23,"28",1,"weiblich"
"423",434,4,4,4,4,3,4,4,4,3,3,20,"1",3,"männlich"
"424",435,4,5,4,2,4,5,3,4,4,1,20,"1",3,"männlich"
"425",436,4,4,3,4,4,3,4,2,5,4,26,"1",3,"männlich"
"426",437,5,5,5,3,5,4,5,4,5,3,22,"1",3,"männlich"
"427",439,4,3,2,4,4,4,3,4,4,5,27,"1",3,"weiblich"
"428",440,5,5,5,5,5,5,5,3,5,3,19,"1",3,"männlich"
"429",441,3,2,4,4,4,3,4,4,4,4,24,"1",3,"männlich"
"430",442,2,2,1,3,3,5,2,3,3,4,21,"1",3,"weiblich"
"431",443,5,4,4,5,4,4,4,4,4,5,22,"1",3,"männlich"
"432",444,3,3,4,4,5,5,4,4,5,4,21,"1",3,"weiblich"
"433",445,5,5,3,4,3,5,3,4,4,5,20,"1",3,"männlich"
"434",446,2,4,3,3,4,3,3,4,4,2,24,"1",3,"weiblich"
"435",447,3,3,3,5,3,3,3,4,3,4,26,"1",3,"männlich"
"436",448,4,4,2,5,4,4,2,4,4,5,21,"1",3,"männlich"
"437",449,4,4,4,5,4,4,4,5,4,4,22,"1",3,"männlich"
"438",450,3,3,4,4,4,3,3,4,4,4,22,"1",3,"männlich"
"439",451,2,3,3,5,3,4,3,4,3,5,28,"1",3,"weiblich"
"440",452,5,5,4,5,4,5,4,5,4,5,22,"1",3,"männlich"
"441",453,4,5,3,5,4,5,3,5,3,5,21,"1",3,"männlich"
"442",455,5,4,4,3,3,5,4,5,4,2,23,"1",3,"männlich"
"443",456,3,4,5,5,4,3,5,4,4,5,22,"1",3,"männlich"
"444",457,3,4,3,4,3,4,4,4,3,4,21,"1",3,"männlich"
"445",458,4,4,3,3,5,5,3,2,5,2,21,"19",3,"männlich"
"446",459,3,4,4,4,4,4,4,4,4,4,23,"1",3,"weiblich"
"447",460,5,4,3,3,4,5,3,4,4,3,21,"1",3,"weiblich"
"448",461,5,5,5,5,5,5,5,5,5,5,22,"18",3,"männlich"
"449",462,3,2,2,3,5,2,1,2,4,2,25,"1",3,"weiblich"
"450",463,3,4,2,4,4,4,4,3,4,5,22,"1",3,"männlich"
"451",464,5,4,3,5,3,5,3,4,3,4,22,"1",3,"männlich"
"452",465,3,4,4,4,4,4,3,3,4,4,26,"1",3,"männlich"
"453",467,2,5,3,5,4,4,3,5,4,5,28,"1",3,"weiblich"
"454",470,3,4,3,3,4,5,5,4,4,2,24,"1",3,"weiblich"
"455",471,2,4,4,3,3,3,5,3,4,3,27,"1",3,"weiblich"
"456",472,3,4,2,3,3,3,3,4,2,4,25,"1",3,"männlich"
"457",474,5,5,4,5,4,5,5,5,4,5,22,"29",3,"männlich"
"458",475,3,4,4,5,4,4,3,4,4,3,26,"1",3,"weiblich"
"459",476,3,4,3,4,4,4,3,4,4,3,32,"1",3,"männlich"
"460",477,3,2,2,4,4,2,2,2,4,5,25,"1",3,"weiblich"
"461",478,3,4,5,2,4,3,5,3,4,3,22,"1",3,"männlich"
"462",479,4,3,5,3,3,4,4,2,2,2,23,"1",3,"männlich"
"463",480,4,4,3,5,3,3,3,4,3,5,25,"1",3,"männlich"
"464",481,5,5,3,5,4,5,3,5,3,5,23,"1",3,"männlich"
"465",482,5,5,4,3,4,5,3,5,3,2,24,"1",3,"weiblich"
"466",483,1,4,3,5,4,2,3,4,4,5,27,"1",3,"weiblich"
"467",484,2,4,2,2,4,2,2,1,3,3,24,"1",3,"weiblich"
"468",485,3,4,3,4,4,4,3,3,4,4,25,"1",3,"männlich"
"469",486,4,4,3,4,3,4,2,4,4,4,25,"1",3,"weiblich"
"470",487,5,5,5,5,3,3,3,5,3,4,26,"1",3,"weiblich"
"471",488,5,5,5,5,4,5,5,5,4,5,22,"1",3,"männlich"
"472",489,3,3,4,5,3,3,1,2,3,4,25,"1",3,"weiblich"
"473",490,2,4,2,4,3,4,2,4,3,4,23,"1",3,"weiblich"
"474",491,5,4,3,4,4,5,3,4,4,4,19,"1",3,"männlich"
"475",492,3,5,4,4,4,3,4,5,4,2,23,"1",3,"männlich"
"476",493,3,5,4,5,3,2,4,4,3,5,23,"1",3,"weiblich"
"477",494,4,4,3,3,3,5,3,5,3,2,24,"1",3,"männlich"
"478",495,5,5,4,5,5,5,3,4,5,3,21,"1",3,"männlich"
"479",497,3,2,3,5,3,5,2,5,4,4,25,"1",3,"weiblich"
"480",498,3,3,4,2,4,4,2,3,4,3,31,"1",3,"weiblich"
"481",499,4,4,4,3,4,5,3,3,4,2,29,"1",3,"männlich"
"482",500,1,3,5,4,4,2,5,4,4,4,25,"1",3,"weiblich"
